time,fluorescence
0,0.002844501
0.01666667,0.02326956
0.03333333,0.01889771
0.05,0.02243328
0.06666667,0.02244508
0.08333333,0.02282497
0.1,0.02480309
0.1166667,0.02175766
0.1333333,0.02336963
0.15,0.02590915
0.1666667,0.02301449
0.1833333,0.0274593
0.2,0.02423471
0.2166667,0.02621193
0.2333333,0.02073264
0.25,0.01399238
0.2666667,0.02218907
0.2833333,0.02453153
0.3,0.01964586
0.3166667,0.02191201
0.3333333,0.0227302
0.35,0.01954401
0.3666667,0.02078569
0.3833333,0.02007276
0.4,0.01774655
0.4166667,0.02052465
0.4333333,0.01526886
0.45,0.02019509
0.4666667,0.02114209
0.4833333,0.01756517
0.5,0.02384555
0.5166667,0.02520652
0.5333333,0.02270361
0.55,0.01980597
0.5666667,0.02614399
0.5833333,0.02180365
0.6,0.02555636
0.6166667,0.0253159
0.6333333,0.02342513
0.65,0.0153919
0.6666667,0.02022347
0.6833333,0.01938661
0.7,0.01443379
0.7166667,0.01524939
0.7333333,0.01706929
0.75,0.02117823
0.7666667,0.02119906
0.7833333,0.01290744
0.8,0.01806348
0.8166667,0.01776165
0.8333333,0.02097398
0.85,0.02139664
0.8666667,0.01700199
0.8833333,0.01093994
0.9,0.01712295
0.9166667,0.01861523
0.9333333,0.01987766
0.95,0.01722197
0.9666667,0.01676938
0.9833333,0.01799951
1,0.01739263
1.016667,0.01664595
1.033333,0.01361479
1.05,0.01944965
1.066667,0.01493758
1.083333,0.01789622
1.1,0.01464813
1.116667,0.01689324
1.133333,0.01592859
1.15,0.0170753
1.166667,0.01031963
1.183333,0.008571034
1.2,0.01338676
1.216667,0.01965882
1.233333,0.01559544
1.25,0.009089625
1.266667,0.01360325
1.283333,0.01270252
1.3,0.01995308
1.316667,0.01947302
1.333333,0.01951076
1.35,0.008920294
1.366667,0.01401444
1.383333,0.01764223
1.4,0.01805647
1.416667,0.01427963
1.433333,0.009010863
1.45,0.006888437
1.466667,0.009094054
1.483333,0.007614923
1.5,0.008326923
1.516667,0.005542672
1.533333,0.01361241
1.55,0.007405853
1.566667,0.00377683
1.583333,0.01053111
1.6,0.007306224
1.616667,0.00603618
1.633333,0.009644294
1.65,0.006492323
1.666667,0.01339704
1.683333,0.01163889
1.7,0.006707513
1.716667,0.01109939
1.733333,0.01024162
1.75,0.01289436
1.766667,0.00449996
1.783333,0.005153954
1.8,0.0117669
1.816667,0.01460472
1.833333,0.002813876
1.85,0.003193015
1.866667,0.01074613
1.883333,-0.001007944
1.9,0.004819917
1.916667,0.009827757
1.933333,0.002644712
1.95,0.000866604
1.966667,0.001940381
1.983333,0.004007465
2,0.008221239
2.016667,0.006985897
2.033333,0.00340122
2.05,0.008248866
2.066667,0.008509499
2.083333,0.006829184
2.1,0.007507205
2.116667,0.005008596
2.133333,0.003328723
2.15,0.00116564
2.166667,0.01436238
2.183333,0.008500898
2.2,0.001130891
2.216667,0.01191898
2.233333,0.01065854
2.25,0.009424781
2.266667,0.004408836
2.283333,0.002225369
2.3,0.006769568
2.316667,0.005260938
2.333333,0.0100278
2.35,0.008132517
2.366667,0.001870227
2.383333,0.004052269
2.4,-0.00685249
2.416667,0.004513568
2.433333,0.008012086
2.45,-0.003313988
2.466667,0.01174371
2.483333,0.008109516
2.5,-0.000385982
2.516667,0.007836116
2.533333,0.00345943
2.55,-0.003215003
2.566667,0.00898912
2.583333,0.003195584
2.6,0.005281681
2.616667,0.003636318
2.633333,0.003873807
2.65,0.008914488
2.666667,0.006089842
2.683333,0.004540342
2.7,0.008503402
2.716667,0.008977538
2.733333,0.008870942
2.75,0.004177785
2.766667,0.01485485
2.783333,0.007893813
2.8,0.01155353
2.816667,0.009352827
2.833333,0.007134521
2.85,0.008317471
2.866667,0.007505405
2.883333,0.007723856
2.9,0.006089437
2.916667,0.01523103
2.933333,0.007333613
2.95,0.005202764
2.966667,0.01067014
2.983333,0.005524808
3,0.01027858
3.016667,0.007574928
3.033333,0.0137822
3.05,0.01315725
3.066667,0.01221061
3.083333,0.009249544
3.1,0.01278773
3.116667,0.009464508
3.133333,0.009180069
3.15,0.01601569
3.166667,0.00652144
3.183333,0.005784655
3.2,0.008089274
3.216667,0.01399253
3.233333,0.01348849
3.25,0.01516414
3.266667,0.01337247
3.283333,0.001551366
3.3,0.01464404
3.316667,0.0126932
3.333333,0.01241798
3.35,0.01141514
3.366667,0.01140205
3.383333,0.010723
3.4,0.01405659
3.416667,0.007551879
3.433333,0.01142522
3.45,0.01624461
3.466667,0.008277166
3.483333,0.004151755
3.5,0.01404655
3.516667,0.01712661
3.533333,0.01634102
3.55,0.009941518
3.566667,0.01065503
3.583333,0.009917605
3.6,0.01042796
3.616667,0.01185119
3.633333,0.009813517
3.65,0.01492791
3.666667,0.01464551
3.683333,0.01031841
3.7,0.0168722
3.716667,0.01902106
3.733333,0.01825337
3.75,0.0278165
3.766667,0.03541667
3.783333,0.03245217
3.8,0.04385656
3.816667,0.06235189
3.833333,0.07624555
3.85,0.1021968
3.866667,0.1217878
3.883333,0.1514896
3.9,0.1818646
3.916667,0.2153571
3.933333,0.2479553
3.95,0.2846168
3.966667,0.3092093
3.983333,0.3433235
4,0.3706674
4.016667,0.4045027
4.033333,0.4352902
4.05,0.4821874
4.066667,0.5462825
4.083333,0.629464
4.1,0.7456965
4.116667,0.9502019
4.133333,1.253708
4.15,1.81899
4.166667,2.755754
4.183333,4.247554
4.2,6.429645
4.216667,9.216825
4.233333,12.44241
4.25,15.75444
4.266667,18.84746
4.283333,21.44154
4.3,23.37596
4.316667,24.65699
4.333333,25.2989
4.35,25.42813
4.366667,25.13586
4.383333,24.49498
4.4,23.55123
4.416667,22.48506
4.433333,21.24011
4.45,19.87369
4.466667,18.49189
4.483333,17.10228
4.5,15.70853
4.516667,14.32261
4.533333,12.99652
4.55,11.74509
4.566667,10.5992
4.583333,9.518167
4.6,8.5128
4.616667,7.621894
4.633333,6.772514
4.65,6.002316
4.666667,5.325774
4.683333,4.684244
4.7,4.128296
4.716667,3.62488
4.733333,3.167733
4.75,2.779427
4.766667,2.432256
4.783333,2.103674
4.8,1.8331
4.816667,1.608489
4.833333,1.380595
4.85,1.198
4.866667,1.044557
4.883333,0.9042228
4.9,0.7954901
4.916667,0.6976014
4.933333,0.6164237
4.95,0.5238222
4.966667,0.4578985
4.983333,0.4058113
5,0.3582289
5.016667,0.307149
5.033333,0.2790329
5.05,0.2498919
5.066667,0.2266205
5.083333,0.207123
5.1,0.1859997
5.116667,0.1634715
5.133333,0.1519067
5.15,0.1451847
5.166667,0.1266821
5.183333,0.1252164
5.2,0.120018
5.216667,0.1068511
5.233333,0.09505282
5.25,0.0928676
5.266667,0.09130738
5.283333,0.08382157
5.3,0.07837105
5.316667,0.0797561
5.333333,0.07977633
5.35,0.07945193
5.366667,0.07753645
5.383333,0.08103144
5.4,0.0873872
5.416667,0.08785892
5.433333,0.09968343
5.45,0.1088266
5.466667,0.11576
5.483333,0.1244457
5.5,0.1372037
5.516667,0.142048
5.533333,0.1387761
5.55,0.1355461
5.566667,0.1287811
5.583333,0.1155826
5.6,0.1079341
5.616667,0.1033648
5.633333,0.0928119
5.65,0.09650457
5.666667,0.1015272
5.683333,0.1016397
5.7,0.109191
5.716667,0.1084621
5.733333,0.1344495
5.75,0.2333317
5.766667,0.3503968
5.783333,0.3405235
5.8,0.2663714
5.816667,0.1919661
5.833333,0.1478706
5.85,0.119446
5.866667,0.0951728
5.883333,0.07623217
5.9,0.05518898
5.916667,0.05736466
5.933333,0.04062493
5.95,0.04830708
5.966667,0.03788136
5.983333,0.03994136
6,0.04029616
6.016667,0.0372803
6.033333,0.03307532
6.05,0.04166313
6.066667,0.0368956
6.083333,0.03923253
6.1,0.04136975
6.116667,0.04028478
6.133333,0.03882116
6.15,0.04630197
6.166667,0.04191773
6.183333,0.04898757
6.2,0.04958445
6.216667,0.04484216
6.233333,0.04942847
6.25,0.04721342
6.266667,0.0515506
6.283333,0.05470996
6.3,0.05202682
6.316667,0.05492858
6.333333,0.0502581
6.35,0.0521623
6.366667,0.04369398
6.383333,0.03785707
6.4,0.0411932
6.416667,0.03525643
6.433333,0.02985005
6.45,0.02379227
6.466667,0.04009933
6.483333,0.05618048
6.5,0.09359701
6.516667,0.1326956
6.533333,0.1529306
6.55,0.1541627
6.566667,0.1492748
6.583333,0.1421956
6.6,0.1361647
6.616667,0.1192883
6.633333,0.1040431
6.65,0.09898631
6.666667,0.09252772
6.683333,0.07274027
6.7,0.06048536
6.716667,0.05374926
6.733333,0.04898499
6.75,0.05351437
6.766667,0.05688158
6.783333,0.06101419
6.8,0.06480706
6.816667,0.07585953
6.833333,0.07169418
6.85,0.08151384
6.866667,0.0820694
6.883333,0.08760212
6.9,0.09292997
6.916667,0.09710251
6.933333,0.1014253
6.95,0.1047
6.966667,0.1033672
6.983333,0.1148464
7,0.1039064
7.016667,0.1016264
7.033333,0.09950378
7.05,0.09792461
7.066667,0.09848757
7.083333,0.09769733
7.1,0.09858195
7.116667,0.09506111
7.133333,0.09612431
7.15,0.1039466
7.166667,0.09976621
7.183333,0.1136526
7.2,0.1160924
7.216667,0.1261466
7.233333,0.1224304
7.25,0.1410331
7.266667,0.1480583
7.283333,0.1521362
7.3,0.1666165
7.316667,0.1825629
7.333333,0.2057854
7.35,0.2323247
7.366667,0.2645051
7.383333,0.2948406
7.4,0.350632
7.416667,0.4139321
7.433333,0.4887175
7.45,0.5674396
7.466667,0.6637661
7.483333,0.7718232
7.5,0.911392
7.516667,1.059522
7.533333,1.215734
7.55,1.401057
7.566667,1.608305
7.583333,1.856508
7.6,2.10567
7.616667,2.377445
7.633333,2.665985
7.65,2.971371
7.666667,3.285305
7.683333,3.606381
7.7,3.900473
7.716667,4.200896
7.733333,4.480282
7.75,4.712224
7.766667,4.931847
7.783333,5.130307
7.8,5.331363
7.816667,5.522695
7.833333,5.722425
7.85,5.942646
7.866667,6.17245
7.883333,6.367418
7.9,6.577161
7.916667,6.723437
7.933333,6.865775
7.95,6.917556
7.966667,6.92924
7.983333,6.847255
8,6.712856
8.016667,6.571227
8.033333,6.365574
8.05,6.16936
8.066667,5.948912
8.083333,5.742614
8.1,5.552585
8.116667,5.379798
8.133333,5.259008
8.15,5.135709
8.166667,5.05461
8.183333,5.013659
8.2,4.982798
8.216667,4.967303
8.233333,4.995983
8.25,5.042412
8.266667,5.089459
8.283333,5.173781
8.3,5.263856
8.316667,5.390962
8.333333,5.544015
8.35,5.745072
8.366667,5.951144
8.383333,6.229901
8.4,6.532792
8.416667,6.885129
8.433333,7.292515
8.45,7.747183
8.466667,8.19668
8.483333,8.670379
8.5,9.140441
8.516667,9.565798
8.533333,9.927555
8.55,10.25979
8.566667,10.48723
8.583333,10.64148
8.6,10.69078
8.616667,10.68234
8.633333,10.57652
8.65,10.43213
8.666667,10.21497
8.683333,9.926253
8.7,9.635666
8.716667,9.246714
8.733333,8.854795
8.75,8.490109
8.766667,8.096968
8.783333,7.691119
8.8,7.309579
8.816667,6.930996
8.833333,6.533893
8.85,6.194594
8.866667,5.876575
8.883333,5.539586
8.9,5.242099
8.916667,4.953629
8.933333,4.681107
8.95,4.420264
8.966667,4.17356
8.983333,3.922438
9,3.697947
9.016667,3.457373
9.033333,3.240461
9.05,3.035638
9.066667,2.810636
9.083333,2.59504
9.1,2.386761
9.116667,2.196519
9.133333,1.998033
9.15,1.818683
9.166667,1.655683
9.183333,1.4904
9.2,1.329417
9.216667,1.188606
9.233333,1.06287
9.25,0.929413
9.266667,0.8372393
9.283333,0.739935
9.3,0.6456587
9.316667,0.5766294
9.333333,0.5074445
9.35,0.4387178
9.366667,0.3955561
9.383333,0.3448773
9.4,0.3092984
9.416667,0.2723697
9.433333,0.2501484
9.45,0.2210765
9.466667,0.1981206
9.483333,0.1837818
9.5,0.157898
9.516667,0.1548493
9.533333,0.1483201
9.55,0.140484
9.566667,0.1249923
9.583333,0.1231231
9.6,0.1111305
9.616667,0.1037139
9.633333,0.102116
9.65,0.0943801
9.666667,0.09219919
9.683333,0.09836745
9.7,0.0974393
9.716667,0.08628856
9.733333,0.08521831
9.75,0.08074256
9.766667,0.07926251
9.783333,0.0728057
9.8,0.08283154
9.816667,0.07442763
9.833333,0.07041644
9.85,0.06631865
9.866667,0.07160582
9.883333,0.06170641
9.9,0.06324146
9.916667,0.06163684
9.933333,0.05979719
9.95,0.05849899
9.966667,0.05826328
9.983333,0.05655501
10,0.05624648
